<?xml version="1.0" encoding="UTF-8"?><package xmlns="http://expath.org/ns/pkg" xml:base="http://expath.org/ns/project/expath-pkg.xml" spec="1.0" abbrev="xproject" version="0.5.0" name="http://expath.org/lib/project"><title>XML Project Manager</title><home>http://expath.org/modules/xproject/</home><dependency package="http://expath.org/lib/files"/><dependency package="http://expath.org/lib/zip"/><dependency package="http://www.jenitennison.com/xslt/xspec"/><dependency package="http://xqdoc.org/"/><xproc><import-uri>http://expath.org/ns/project/build.xproc</import-uri><file>build.xproc</file></xproc><xproc><import-uri>http://expath.org/ns/project/create.xproc</import-uri><file>create.xproc</file></xproc><xproc><import-uri>http://expath.org/ns/project/doc.xproc</import-uri><file>doc.xproc</file></xproc><xslt><import-uri>http://expath.org/ns/project/package.xsl</import-uri><file>package.xsl</file></xslt><xslt><import-uri>http://expath.org/ns/project/release.xsl</import-uri><file>release.xsl</file></xslt><xproc><import-uri>http://expath.org/ns/project/setup.xproc</import-uri><file>setup.xproc</file></xproc><xproc><import-uri>http://expath.org/ns/project/test.xproc</import-uri><file>test.xproc</file></xproc></package>