<rewriter xmlns="http://marklogic.com/xdmp/rewriter">
   <match-path matches="^/$">
      <dispatch>/home.xq</dispatch>
   </match-path>
   <match-path matches="^/appserver/([0-9]+)$">
      <add-query-param name="id">$1</add-query-param>
      <dispatch>/appserver/index.xq</dispatch>
   </match-path>
   <match-path matches="^/appserver/([0-9]+)/init-repo$">
      <add-query-param name="id">$1</add-query-param>
      <dispatch>/appserver/init-repo.xq</dispatch>
   </match-path>
   <match-path matches="^/appserver/([0-9]+)/delete-repo$">
      <add-query-param name="id">$1</add-query-param>
      <dispatch>/appserver/delete-repo.xq</dispatch>
   </match-path>
   <match-path matches="^/appserver/([0-9]+)/install-pkg$">
      <add-query-param name="id">$1</add-query-param>
      <dispatch>/appserver/install-pkg.xq</dispatch>
   </match-path>
   <match-path matches="^/appserver/([0-9]+)/install-cxan$">
      <add-query-param name="id">$1</add-query-param>
      <dispatch>/appserver/install-cxan.xq</dispatch>
   </match-path>
   <match-path matches="^/appserver/([0-9]+)/pkg/([^/]+)/delete$">
      <add-query-param name="id">$1</add-query-param>
      <add-query-param name="pkg">$2</add-query-param>
      <dispatch>/appserver/delete-pkg.xq</dispatch>
   </match-path>
   <match-path matches="^/db/([0-9]+)/browse$">
      <add-query-param name="id">$1</add-query-param>
      <dispatch>/database/browse.xq</dispatch>
   </match-path>
   <match-path matches="^/db/([0-9]+)/browse/(http://.+)$">
      <add-query-param name="id">$1</add-query-param>
      <add-query-param name="path">$2</add-query-param>
      <dispatch>/database/browse.xq</dispatch>
   </match-path>
   <match-path matches="^/db/([0-9]+)/browse(/.*)$">
      <add-query-param name="id">$1</add-query-param>
      <add-query-param name="path">$2</add-query-param>
      <dispatch>/database/browse.xq</dispatch>
   </match-path>
   <match-path matches="^/db/([0-9]+)/colls$">
      <add-query-param name="id">$1</add-query-param>
      <dispatch>/database/collections.xq</dispatch>
   </match-path>
   <match-path matches="^/db/([0-9]+)/colls/(http://.+)$">
      <add-query-param name="id">$1</add-query-param>
      <add-query-param name="path">$2</add-query-param>
      <dispatch>/database/collections.xq</dispatch>
   </match-path>
   <match-path matches="^/db/([0-9]+)/colls(/.*)$">
      <add-query-param name="id">$1</add-query-param>
      <add-query-param name="path">$2</add-query-param>
      <dispatch>/database/collections.xq</dispatch>
   </match-path>
   <match-path matches="^/db/([0-9]+)/triples$">
      <add-query-param name="id">$1</add-query-param>
      <dispatch>/database/triples.xq</dispatch>
   </match-path>
   <match-path matches="^/db/([0-9]+)/triples(/.*)$">
      <add-query-param name="id">$1</add-query-param>
      <add-query-param name="rsrc">$2</add-query-param>
      <dispatch>/database/triples.xq</dispatch>
   </match-path>
   <match-path matches="^/db/([0-9]+)/classes$">
      <add-query-param name="id">$1</add-query-param>
      <dispatch>/database/classes.xq</dispatch>
   </match-path>
   <match-path matches="^/db/([0-9]+)/save-doc$">
      <add-query-param name="id">$1</add-query-param>
      <dispatch>/database/save-doc.xq</dispatch>
   </match-path>
   <match-path matches="^/db/([0-9]+)/save-text$">
      <add-query-param name="id">$1</add-query-param>
      <add-query-param name="text">true</add-query-param>
      <dispatch>/database/save-doc.xq</dispatch>
   </match-path>
   <match-path matches="^/db/([0-9]+)/delete$">
      <add-query-param name="database">$1</add-query-param>
      <add-query-param name="top">../../</add-query-param>
      <dispatch>/tools/delete.xq</dispatch>
   </match-path>
   <match-path matches="^/db/([0-9]+)/bulk-delete$">
      <add-query-param name="database">$1</add-query-param>
      <dispatch>/database/bulk-delete.xq</dispatch>
   </match-path>
   <match-path matches="^/cxan$">
      <dispatch>/cxan/index.xq</dispatch>
   </match-path>
   <match-path matches="^/cxan/change$">
      <dispatch>/cxan/change.xq</dispatch>
   </match-path>
   <match-path matches="^/cxan/install$">
      <dispatch>/cxan/install.xq</dispatch>
   </match-path>
   <match-path matches="^/devel$">
      <dispatch>/devel.xq</dispatch>
   </match-path>
   <match-path matches="^/help$">
      <dispatch>/help.xq</dispatch>
   </match-path>
   <match-path matches="^/(images|js|style)/.+$">
      <dispatch>$0</dispatch>
   </match-path>
   <match-path matches="^/pkg$">
      <dispatch>/repo/index.xq</dispatch>
   </match-path>
   <match-path matches="^/repo/create$">
      <dispatch>/repo/create.xq</dispatch>
   </match-path>
   <match-path matches="^/repo/delete-pkg$">
      <dispatch>/repo/delete-pkg.xq</dispatch>
   </match-path>
   <match-path matches="^/repo/delete$">
      <dispatch>/repo/delete.xq</dispatch>
   </match-path>
   <match-path matches="^/repo/install-pkg$">
      <dispatch>/repo/install-pkg.xq</dispatch>
   </match-path>
   <match-path matches="^/repo/show$">
      <dispatch>/repo/show.xq</dispatch>
   </match-path>
   <match-path matches="^/browser$">
      <dispatch>/browser/index.xq</dispatch>
   </match-path>
   <match-path matches="^/loader$">
      <dispatch>/loader/index.xq</dispatch>
   </match-path>
   <match-path matches="^/loader/insert$">
      <dispatch>/loader/insert.xq</dispatch>
   </match-path>
   <match-path matches="^/loader/insert-triples$">
      <dispatch>/loader/insert-triples.xq</dispatch>
   </match-path>
   <match-path matches="^/loader/upload$">
      <!-- TODO: Write it in JavaScript instead... -->
      <!--dispatch>/loader/upload.sjs</dispatch-->
      <dispatch>/loader/upload.xq</dispatch>
   </match-path>
   <match-path matches="^/profiler$">
      <dispatch>/profiler/index.xq</dispatch>
   </match-path>
   <match-path matches="^/profiler/profile-json$">
      <dispatch>/profiler/profile-json.xq</dispatch>
   </match-path>
   <match-path matches="^/profiler/profile-xml$">
      <dispatch>/profiler/profile-xml.xq</dispatch>
   </match-path>
   <match-path matches="^/profiler/xml-to-json$">
      <dispatch>/profiler/xml-to-json.xq</dispatch>
   </match-path>
   <match-path matches="^/tools$">
      <dispatch>/tools/index.xq</dispatch>
   </match-path>
   <match-path matches="^/tools/config$">
      <dispatch>/tools/config.xq</dispatch>
   </match-path>
   <match-path matches="^/tools/delete$">
      <add-query-param name="back-url">../loader</add-query-param>
      <add-query-param name="back-label">document manager</add-query-param>
      <add-query-param name="top">../</add-query-param>
      <dispatch>/tools/delete.xq</dispatch>
   </match-path>
   <match-path matches="^/tools/convert-triples$">
      <dispatch>/tools/convert-triples.xq</dispatch>
   </match-path>
   <match-path matches="^/tools/browse-db$">
      <dispatch>/tools/browse-db.xq</dispatch>
   </match-path>
   <match-path matches="^/tools/browse-colls$">
      <dispatch>/tools/browse-colls.xq</dispatch>
   </match-path>
   <match-path matches="^/tools/browse-triples$">
      <dispatch>/tools/browse-triples.xq</dispatch>
   </match-path>
   <match-path matches="^/tools/browse-classes$">
      <dispatch>/tools/browse-classes.xq</dispatch>
   </match-path>
   <match-path matches="^/tools/add-perm$">
      <dispatch>/tools/add-perm.xq</dispatch>
   </match-path>
   <match-path matches="^/tools/del-perm$">
      <dispatch>/tools/del-perm.xq</dispatch>
   </match-path>
   <match-path matches="^/web$">
      <dispatch>/web/index.xq</dispatch>
   </match-path>
   <match-path matches="^/web/create$">
      <dispatch>/web/create.xq</dispatch>
   </match-path>
   <match-path matches="^/web/delete$">
      <dispatch>/web/delete.xq</dispatch>
   </match-path>
   <match-path matches="^/web/install-pkg$">
      <dispatch>/web/install-pkg.xq</dispatch>
   </match-path>
   <match-path matches="^/web/select-repo$">
      <dispatch>/web/select-repo.xq</dispatch>
   </match-path>
   <match-path matches="^/web/show$">
      <dispatch>/web/show.xq</dispatch>
   </match-path>
   <match-path matches="^/xproject$">
      <dispatch>/xproject.xq</dispatch>
   </match-path>
   <match-path matches="^/xspec$">
      <dispatch>/xspec.xq</dispatch>
   </match-path>
<!--
   TODO: I'd like to redirect "/test" to "/test/", but it seems it is
   not possible using the declarative XML rewriter.
   See: http://developer.marklogic.com/features/enhanced-http
   See: http://docs.marklogic.com/guide/app-dev/XMLrewriter
   See: http://marklogic.markmail.org/thread/2znot5llb4fivur3

   <match-path matches="^/test$">
      <redirect>/test/</redirect>
   </match-path>
-->
   <match-path matches="^/test/$">
      <dispatch>/test/index.xq</dispatch>
   </match-path>
   <match-path matches="^/test/profiler/$">
      <dispatch>/test/profiler/index.xq</dispatch>
   </match-path>
<!--
   TODO: Really, using $1 in "dispatch" does not work?!?
-->
   <match-path matches="^/test/profiler/display-stacktrace$">
      <dispatch>/test/profiler/display-stacktrace.xq</dispatch>
   </match-path>
   <match-path matches="^/test/profiler/throws-error$">
      <dispatch>/test/profiler/throws-error.xq</dispatch>
   </match-path>
   <match-path matches="^/test/profiler/([-a-z]+)$">
      <dispatch>/test/profiler/$1.xq</dispatch>
   </match-path>
   <match-path matches=".xq$">
      <error>Not allowed to invoke modules directly</error>
   </match-path>
</rewriter>
