<webapp xmlns="http://expath.org/ns/webapp/descriptor"
        xmlns:app="http://expath.org/ns/samples/servlex/hello"
        name="http://expath.org/samples/servlex/hello"
        abbrev="hello-world"
        version="0.1">

   <title>Servlex hello-world application</title>

   <resource pattern="/" rewrite="index.html" media-type="application/xhtml+xml"/>

   <servlet name="xslt">
      <xslt uri="http://expath.org/ns/samples/servlex/hello.xsl"
            function="app:hello-xslt"/>
      <url pattern="/xslt"/>
   </servlet>

   <servlet name="xquery">
      <xquery function="app:hello-xquery"/>
      <url pattern="/xquery"/>
   </servlet>

   <servlet name="xproc">
      <xproc uri="http://expath.org/ns/samples/servlex/hello.xproc"/>
      <url pattern="/xproc"/>
   </servlet>

</webapp>
