<?xml version="1.0" encoding="UTF-8"?>
<package xmlns="http://expath.org/ns/pkg"
         spec="1.0"
         name="http://www.jenitennison.com/xslt/xspec"
         abbrev="xspec"
         version="0.4.0rc1">

   <title>XSpec</title>

   <xslt>
      <import-uri>http://www.jenitennison.com/xslt/xspec/generate-common-tests.xsl</import-uri>
      <file>compiler/generate-common-tests.xsl</file>
   </xslt>
   <xslt>
      <import-uri>http://www.jenitennison.com/xslt/xspec/generate-query-helper.xsl</import-uri>
      <file>compiler/generate-query-helper.xsl</file>
   </xslt>
   <xslt>
      <import-uri>http://www.jenitennison.com/xslt/xspec/generate-query-tests.xsl</import-uri>
      <file>compiler/generate-query-tests.xsl</file>
   </xslt>
   <xquery>
      <namespace>http://www.jenitennison.com/xslt/unit-test</namespace>
      <file>compiler/generate-query-utils.xql</file>
   </xquery>
   <xslt>
      <import-uri>http://www.jenitennison.com/xslt/xspec/generate-tests-helper.xsl</import-uri>
      <file>compiler/generate-tests-helper.xsl</file>
   </xslt>
   <xslt>
      <import-uri>http://www.jenitennison.com/xslt/xspec/generate-tests-utils.xsl</import-uri>
      <file>compiler/generate-tests-utils.xsl</file>
   </xslt>
   <xslt>
      <import-uri>http://www.jenitennison.com/xslt/xspec/generate-xspec-tests.xsl</import-uri>
      <file>compiler/generate-xspec-tests.xsl</file>
   </xslt>
   <xproc>
      <import-uri>http://www.jenitennison.com/xslt/xspec/basex/harness/server/xquery.xproc</import-uri>
      <file>harnesses/basex/basex-server-xquery-harness.xproc</file>
   </xproc>
   <xproc>
      <import-uri>http://www.jenitennison.com/xslt/xspec/basex/harness/standalone/xquery.xproc</import-uri>
      <file>harnesses/basex/basex-standalone-xquery-harness.xproc</file>
   </xproc>
   <xproc>
      <import-uri>http://www.jenitennison.com/xslt/xspec/exist/harness/xquery.xproc</import-uri>
      <file>harnesses/exist/exist-xquery-harness.xproc</file>
   </xproc>
   <xproc>
      <import-uri>http://www.jenitennison.com/xslt/xspec/marklogic/harness/xquery.xproc</import-uri>
      <file>harnesses/marklogic/ml-xquery-harness.xproc</file>
   </xproc>
   <xproc>
      <import-uri>http://www.jenitennison.com/xslt/xspec/saxon/harness/xquery.xproc</import-uri>
      <file>harnesses/saxon/saxon-xquery-harness.xproc</file>
   </xproc>
   <xproc>
      <import-uri>http://www.jenitennison.com/xslt/xspec/saxon/harness/xslt.xproc</import-uri>
      <file>harnesses/saxon/saxon-xslt-harness.xproc</file>
   </xproc>
   <xproc>
      <import-uri>http://www.jenitennison.com/xslt/xspec/zorba/harness/xquery.xproc</import-uri>
      <file>harnesses/zorba/zorba-xquery-harness.xproc</file>
   </xproc>
   <xslt>
      <import-uri>http://www.jenitennison.com/xslt/xspec/coverage-report.xsl</import-uri>
      <file>reporter/coverage-report.xsl</file>
   </xslt>
   <xslt>
      <import-uri>http://www.jenitennison.com/xslt/xspec/format-utils.xsl</import-uri>
      <file>reporter/format-utils.xsl</file>
   </xslt>
   <xslt>
      <import-uri>http://www.jenitennison.com/xslt/xspec/format-xspec-report-folding.xsl</import-uri>
      <file>reporter/format-xspec-report-folding.xsl</file>
   </xslt>
   <xslt>
      <import-uri>http://www.jenitennison.com/xslt/xspec/format-xspec-report.xsl</import-uri>
      <file>reporter/format-xspec-report.xsl</file>
   </xslt>
</package>